ลำดับ	เลขข้อ TOR	หัวข้อ/ข้อความจาก TOR	ตำแหน่งย่อหน้าในไฟล์
1	1	๑. หลักการและเหตุผล	4
2	2	๒. วัตถุประสงค์	9
3	2.1	๒.1 เพื่อจัดหาระบบสารสนเทศ กระบวนการทำงาน และกำหนดคุณลักษณะในการพัฒนาที่เหมาะสมต่อหน่วยงานให้ก้าวสู่องค์กรอัจฉริยะ (SMART Organization)	10
4	2.2	2.2 เพื่อจัดหาระบบบริหารจัดการทรัพยากรองค์กร ด้านงบประมาณ ด้านการจัดซื้อจัดจ้าง ด้านบริหารพัสดุ ครุภัณฑ์ ด้านงานบัญชีการเงินและงานอื่น ๆ ให้สามารถช่วยลดขั้นตอนการปฏิบัติงาน ลดการใช้กระดาษและช่วยให้กระบวนการทำงานขององค์กรมีประสิทธิภาพมากยิ่งขึ้น	11
5	3	3. คุณสมบัติของผู้ยื่นข้อเสนอ	14
6	3.1	๓.๑ มีความสามารถตามกฎหมาย	15
7	3.2	๓.๒ ไม่เป็นบุคคลล้มละลาย	16
8	3.3	๓.๓ ไม่อยู่ระหว่างเลิกกิจการ	17
9	3.4	๓.๔ ไม่เป็นบุคคลซึ่งอยู่ระหว่างถูกระงับการยื่นข้อเสนอหรือทำสัญญากับหน่วยงานของรัฐไว้ชั่วคราวเนื่องจากเป็นผู้ที่ไม่ผ่านเกณฑ์การประเมินผลการปฏิบัติงานของผู้ประกอบการตามระเบียบที่รัฐมนตรีว่าการกระทรวงการคลังกำหนดตามที่ประกาศเผยแพร่ในระบบเครือข่ายสารสนเทศของกรมบัญชีกลาง	18
10	3.5	๓.๕ ไม่เป็นบุคคลซึ่งถูกระบุชื่อไว้ในบัญชีรายชื่อผู้ทิ้งงานและได้แจ้งเวียนชื่อให้เป็นผู้ทิ้งงานของหน่วยงานของรัฐในระบบเครือข่ายสารสนเทศของกรมบัญชีกลาง ซึ่งรวมถึงนิติบุคคลที่ผู้ทิ้งงานเป็นหุ้นส่วนผู้จัดการ กรรมการ ผู้จัดการ ผู้บริหาร ผู้มีอำนาจในการดำเนินงานในกิจการของนิติบุคคลนั้นด้วย	19
11	3.6	๓.๖ มีคุณสมบัติและไม่มีลักษณะต้องห้ามตามที่คณะกรรมการนโยบายการจัดซื้อจัดจ้าง และการบริหารพัสดุภาครัฐกำหนดในราชกิจจานุเบกษา	20
12	3.7	๓.๗ เป็นบุคคลธรรมดาหรือนิติบุคคล ผู้มีอาชีพขายพัสดุดังกล่าว	21
13	3.8	๓.๘ ไม่เป็นผู้มีผลประโยชน์ร่วมกันกับผู้ยื่นข้อเสนอรายอื่นที่เข้ายื่นข้อเสนอให้แก่ สำนักงานคณะกรรมการการรักษาความมั่นคงปลอดภัยไซเบอร์แห่งชาติ ณ วันยื่นข้อเสนอ หรือไม่เป็นผู้กระทำการ อันเป็นการขัดขวางการแข่งขันอย่างเป็นธรรมในการยื่นข้อเสนอครั้งนี้	22
14	3.9	๓.๙ ไม่เป็นผู้ได้รับเอกสิทธิ์หรือความคุ้มกัน ซึ่งอาจปฏิเสธไม่ยอมขึ้นศาลไทย เว้นแต่รัฐบาลของผู้ยื่นข้อเสนอได้มีคำสั่งให้สละเอกสิทธิ์และความคุ้มกันเช่นว่านั้น	23
15	3.10	"3.10 ผู้ยื่นข้อเสนอที่ยื่นข้อเสนอในรูปแบบของ ""กิจการร่วมค้า"" ต้องมีคุณสมบัติดังนี้"	24
16	3.11	3.11 ผู้ยื่นข้อเสนอต้องลงทะเบียนที่มีข้อมูลถูกต้องครบถ้วนในระบบจัดซื้อจัดจ้างภาครัฐด้วยอิเล็กทรอนิกส์ (Electronic Government Procurement: e-GP) ของกรมบัญชีกลาง	30
17	3.12	3.12 สินค้าหรือบริการที่นำเสนอจะต้องได้รับการรับรองมาตรฐานด้านดิจิทัลตามที่สำนักงานส่งเสริมเศรษฐกิจดิจิทัลกำหนด	31
18	3.13	3.13 สินค้าหรือบริการที่นำเสนอจะต้องขึ้นบัญชีบริการดิจิทัลของสำนักงานส่งเสริมเศรษฐกิจดิจิทัล เป็นพัสดุที่รัฐต้องส่งเสริมหรือสนับสนุน	32
19	3.14	3.14 ผู้ยื่นข้อเสนอต้องมีมูลค่าสุทธิของกิจการ ดังนี้	35
20	3.14(1)	(๑) กรณีผู้ยื่นข้อเสนอเป็นนิติบุคคลที่จัดตั้งขึ้นตามกฎหมายไทยซึ่งได้จดทะเบียนเกินกว่า ๑ ปี ต้องมีมูลค่าสุทธิของกิจการ จากผลต่างระหว่างสินทรัพย์สุทธิหักด้วยหนี้สินสุทธิ ที่ปรากฏในงบแสดงฐานะการเงินที่มีการตรวจรับรองแล้ว ซึ่งจะต้องแสดงค่าเป็นบวก ๑ ปีสุดท้ายก่อนวันยื่นข้อเสนอ	36
21	3.14(2)	(๒) กรณีผู้ยื่นข้อเสนอเป็นนิติบุคคลที่จัดตั้งขึ้นตามกฎหมายไทย ซึ่งยังไม่มีการรายงานงบแสดงฐานะการเงินกับกรมพัฒนาธุรกิจการค้า ให้พิจารณาการกำหนดมูลค่าของทุนจดทะเบียน โดยผู้ยื่นข้อเสนอจะต้องมีทุนจดทะเบียนที่เรียกชำระมูลค่าหุ้นแล้ว ณ วันที่ยื่นข้อเสนอ ไม่ต่ำกว่า ๑ ล้านบาท	37
22	3.14(3)	(๓) สำหรับการจัดซื้อจัดจ้างครั้งหนึ่งที่มีวงเงินเกิน ๕๐๐,๐๐๐ บาทขึ้นไป กรณีผู้ยื่นข้อเสนอเป็นบุคคลธรรมดา โดยพิจารณาจากหนังสือรับรองบัญชีเงินฝากไม่เกิน ๙๐ วันก่อนวันยื่นข้อเสนอ โดยต้องมีเงินฝากคงเหลือในบัญชีธนาคารเป็นมูลค่า ๑ ใน ๔ ของมูลค่างบประมาณของโครงการหรือรายการที่ยื่นข้อเสนอในแต่ละครั้ง และหากเป็นผู้ชนะการจัดซื้อจัดจ้างหรือเป็นผู้ได้รับการคัดเลือกจะต้องแสดงหนังสือรับรองบัญชีเงินฝากที่มีมูลค่าดังกล่าวอีกครั้งหนึ่งในวันลงนามในสัญญา	38
23	3.14(4)	(๔) กรณีที่ผู้ยื่นข้อเสนอไม่มีมูลค่าสุทธิของกิจการหรือทุนจดทะเบียน หรือมีแต่ไม่เพียงพอที่จะเข้ายื่นข้อเสนอ ผู้ยื่นข้อเสนอสามารถขอวงเงินสินเชื่อ โดยต้องมีวงเงินสินเชื่อ ๑ ใน ๔ ของมูลค่างบประมาณของโครงการหรือรายการที่ยื่นข้อเสนอในแต่ละครั้ง (สินเชื่อที่ธนาคารภายในประเทศ หรือบริษัทเงินทุนหรือบริษัทเงินทุนหลักทรัพย์ที่ได้รับอนุญาตให้ประกอบกิจการเงินทุนเพื่อการพาณิชย์ และประกอบธุรกิจค้าประกันตามประกาศของธนาคารแห่งประเทศไทย ตามรายชื่อบริษัทเงินทุนที่ธนาคารแห่งประเทศไทยแจ้งเวียนให้ทราบ โดยพิจารณาจากยอดเงินรวมของวงเงินสินเชื่อที่สำนักงานใหญ่รับรองหรือที่สำนักงานสาขารับรอง (กรณีได้รับมอบอำนาจจากสำนักงานใหญ่) ซึ่งออกให้แก่ผู้ยื่นข้อเสนอ นับถึงวันยื่นข้อเสนอไม่เกิน ๙๐ วัน)	39
24	3.14(5)	(๕) กรณีตาม (๑) - (๔) ยกเว้นสำหรับกรณีดังต่อไปนี้	40
25	3.14(5.1)	(๕.๑) กรณีที่ผู้ยื่นข้อเสนอเป็นหน่วยงานของรัฐ	41
26	3.14(5.2)	(๕.๒) นิติบุคคลที่จัดตั้งขึ้นตามกฎหมายไทยที่อยู่ระหว่างการฟื้นฟูกิจการตามพระราชบัญญัติล้มละลาย (ฉบับที่ ๑๐) พ.ศ. ๒๕๖๑	42
27	4	4. รายละเอียดคุณลักษณะเฉพาะ	44
28	4.1	4.1 Software ระบบ ERP ที่มีลิขสิทธิ์การใช้งานถูกต้องให้สามารถใช้งานได้อย่างมีประสิทธิภาพ	45
29	4.1.1	4.1.1 สามารถปรับแต่งระบบให้สอดคล้องกับกฎหมาย ข้อบังคับ ระเบียบที่เกี่ยวข้อง และแนวปฏิบัติงานของหน่วยงาน รวมทั้งสามารถปรับแต่งระบบให้มีความสอดคล้องกับกระบวนงานที่ สกมช. ได้ออกแบบและพัฒนาต้นแบบไว้ โดยประกอบด้วยระบบงานย่อยอย่างน้อย ดังนี้	46
30	4.1.1.1	4.1.1.1 ระบบบริการพนักงาน (Employee Self Service System)	47
31	4.1.1.2	4.1.1.2 ระบบงบประมาณ (Budgeting System)	48
32	4.1.1.3	4.1.1.3 ระบบบัญชีเจ้าหนี้ (Account Payable System)	49
33	4.1.1.4	4.1.1.4 ระบบบัญชีลูกหนี้ (Account Receivable System)	50
34	4.1.1.5	4.1.1.5 ระบบธนาคาร (Banking System)	51
35	4.1.1.6	4.1.1.6 ระบบจัดซื้อจัดจ้าง (Purchase Order System)	52
36	4.1.1.7	4.1.1.7 ระบบบริหารวัสดุ (Inventory Control System)	53
37	4.1.1.8	4.1.1.8 ระบบทรัพย์สิน (Fixed Asset System)	54
38	4.1.1.9	4.1.1.9 ระบบบัญชีแยกประเภท (General Ledger System)	55
39	4.1.1.10	4.1.1.10 ระบบการรายงานสำหรับผู้บริหาร (Dashboard)	56
40	4.1.2	4.1.2 ติดตั้งและพัฒนาระบบ ERP ของหน่วยงาน พร้อมทั้งทดสอบการทำงานของระบบ และปรับแต่งการทำงานและเงื่อนไขต่าง ๆ ให้เป็นไปตามกระบวนการงานปฏิบัติงานที่ออกแบบไว้ รวมถึงการเชื่อมโยงกับระบบงานอื่นของที่เกี่ยวข้อง เพื่อให้สามารถใช้งานระบบได้อย่างมีประสิทธิภาพ	57
41	4.1.3	4.1.3 ทำการทดสอบการใช้งานระบบ ERP โดยผู้ใช้งานจริง (User Acceptance Test)	58
42	4.1.4	4.1.4 จัดอบรมการใช้งานระบบ ERP (Training) ให้กับเจ้าหน้าที่ของหน่วยงาน	59
43	4.1.5	4.1.5 ตรวจทานข้อมูลพื้นฐาน (Master File) และข้อมูลยอดยกมา (Opening Balance) ก่อนนำข้อมูลดังกล่าวเข้าระบบ ERP	60
44	4.1.6	4.1.6 ดำเนินการขึ้นระบบ ERP (Go live) และจะต้องจัดให้มีทีมสนับสนุน สำหรับให้คำปรึกษา แนะนำ ในการใช้งานระบบ ERP แก่เจ้าหน้าที่ของหน่วยงาน เป็นระยะเวลาไม่น้อยกว่า ๑ เดือน	61
45	4.1.7	4.1.7 จะต้องมีทีมสนับสนุน (Help Desk) สำหรับให้คำปรึกษา แนะนำ ในการใช้งานระบบ ERP แก่เจ้าหน้าที่ของหน่วยงาน โดยให้คำปรึกษาผ่านทางโทรศัพท์ E-mail หรือการ Remote	62
46	4.2	4.2 คุณลักษณะทั่วไปของระบบ ERP จะต้องมีคุณลักษณะทั่วไปของระบบอย่างน้อยดังนี้	64
47	4.2.1	4.2.1 ระบบสามารถรองรับการทำงานได้พร้อมกัน (Concurrent multi-users)	65
48	4.2.2	4.2.2 ระบบสามารถกำหนดบทบาทและกำหนดสิทธิ์การใช้งานได้	66
49	4.2.3	4.2.3 ระบบจะต้องรองรับการทำงานร่วมกับระบบจัดการฐานข้อมูลแบบเชิงสัมพันธ์ (Relational Database Model) และทุกระบบงานต้องเชื่อมโยง (Integrated) ถึงกันโดยใช้ระบบฐานข้อมูลกลางร่วมกัน	67
50	4.2.4	4.2.4 ระบบมีการจัดเก็บบันทึกกิจกรรม (Log) ต่าง ๆ ที่เกิดขึ้นในระบบ เพื่อใช้ในการตรวจสอบได้ เมื่อต้องการ	68
51	4.2.5	4.2.5 ระบบรองรับการใช้งานภาษาไทย และรองรับการบันทึกข้อมูล ค้นหาข้อมูล	69
52	4.2.6	4.2.6 รองรับการแสดงผลบนอุปกรณ์ที่มีความหลากหลาย สำหรับกลุ่มโปรแกรมที่ใช้ในการอนุมัติงานเอกสารในระบบโดยผู้บริหาร และโปรแกรมที่เป็นลักษณะการบันทึกเพื่อขอบริการต่าง ๆ ของหน่วยงาน	70
53	4.2.7	4.2.7 ระบบสามารถส่งคำขออนุมัติต่าง ๆ ให้ผู้ที่เกี่ยวข้องกับการดำเนินงานในกระบวนงานผ่านระบบ Workflow และแจ้งเตือน (Notification) ผู้ที่เกี่ยวข้องผ่านหน้าจอของระบบ โดยสามารถแสดงให้เห็นเมื่อผู้ใช้งานที่เกี่ยวข้องทำการ Login เข้าระบบแล้ว และมีการแจ้งเตือน (Notification)	71
54	4.2.8	4.2.8 ระบบสามารถส่งออก (Export) รายงานในรูปแบบของไฟล์อิเล็กทรอนิกส์ ได้แก่ PDF, Excel, Word ได้เป็นอย่างน้อย	72
55	4.2.9	4.2.9 ระบบงานต่าง ๆ ที่เป็นกระบวนการทำงาน (Business Process) ที่ต่อเนื่องกันสามารถเชื่อมโยงการทำงานและการแลกเปลี่ยนข้อมูลของแต่ละระบบ ระหว่างกันได้ บนระบบฐานข้อมูลกลางร่วมกัน	73
56	4.2.10	4.2.10 ระบบรองรับการอนุมัติรายการและรองรับการลงลายมือชื่ออิเล็กทรอนิกส์ (e-Signature) ตามมาตรา 9 หรือ 26 หรือ 28 ของ พ.ร.บ.ว่าด้วยธุรกรรมทางอิเล็กทรอนิกส์ฯ	74
57	4.3	4.3 คุณลักษณะเฉพาะและความสามารถของระบบต่าง ๆ ที่เกี่ยวข้องระบบ ERP แต่ละระบบงานจะต้องมีความสามารถของระบบอย่างน้อย ดังนี้	76
58	4.3.1	4.3.1 ระบบบริการพนักงาน (Employee Self Service System) เป็นที่ช่วยสนับสนุนการทำงานของผู้ใช้งานในการจัดทำคำขอต่าง ๆ โดยระบบจะมีขอบเขตหรือความสามารถต่าง ๆ ดังนี้	77
59	4.3.1(1)	(1) สามารถบันทึกคำของบประมาณ ขออนุมัติดำเนินงาน ขอเบิกเงิน ขอยืมเงินทดรองจ่าย ส่งใช้เงินยืมทดรองจ่าย แจ้งความประสงค์ และขอเบิกวัสดุได้	78
60	4.3.1(2)	(2) สามารถติดตามสถานะคำขอได้แบบ Real time และสามารถตรวจสอบสถานะเอกสาร อยู่ในระหว่างขั้นตอนการดำเนินงานใด	79
61	4.3.1(3)	(3) สามารถแจ้งเตือน (Notification) ผู้ที่เกี่ยวข้องกับการดำเนินงานในกระบวนการต่าง ๆ ได้	80
62	4.3.1(4)	(4) สามารถอนุมัติรายการและรองรับการลงลายมือชื่ออิเล็กทรอนิกส์ (e-Signature) ตามมาตรา 9 หรือ 26 หรือ 28 ของ พ.ร.บ.ว่าด้วยธุรกรรมทางอิเล็กทรอนิกส์ฯ	81
63	4.3.2	4.3.2 ระบบงบประมาณ (Budgeting System) เป็นระบบที่ใช้วางแผน ควบคุมการเบิกจ่ายเงินงบประมาณของหน่วยงาน โดยมีกระบวนการตั้งแต่การจัดทำคำของบประมาณ ปรับโอนงบประมาณ ติดตามผลการเบิกจ่ายเงิน โดยระบบจะมีขอบเขตหรือความสามารถต่าง ๆ ดังนี้	82
64	4.3.2(1)	(1) สามารถกำหนดแหล่งเงินได้ และยุทธศาสตร์ได้	83
65	4.3.2(2)	(2) สามารถกำหนดยุทธศาสตร์ได้ทุกประเภท และไม่จำกัดลำดับชั้น	84
66	4.3.2(3)	(3) สามารถกำหนดรูปแบบและรอบระยะเวลาของปีงบประมาณ	85
67	4.3.2(4)	(4) สามารถกำหนดโครงสร้างของประเภทรายจ่าย และการถัวจ่ายงบประมาณ	86
68	4.3.2(5)	(5) สามารถจัดทำผังยุทธศาสตร์ประจำปี และบันทึกรายการจัดทำคำของบประมาณ	87
69	4.3.2(6)	(6) สามารถจัดเก็บคำของบประมาณได้หลาย Version	88
70	4.3.2(7)	(7) สามารถจัดเก็บข้อมูลและเรียกดูข้อมูลงบประมาณรายจ่าย และงบประมาณประจำปี ที่ได้รับจัดสรรของหน่วยงานในแต่ละปี โดยแยกตาม โครงการ/กิจกรรม/แหล่งเงิน/ประเภทรายจ่าย และในมิติต่าง ๆ ตามที่กำหนด	89
71	4.3.2(8)	(8) สามารถบันทึกรายการปรับโอน เพิ่ม ลด งบประมาณ	90
72	4.3.2(9)	(9) สามารถบันทึกแผนการใช้จ่ายเงินได้	91
73	4.3.2(10)	(10) สามารถบันทึกแผนและรายงานผลการเบิกจ่ายเงินของโครงการและกิจกรรมได้	92
74	4.3.2(11)	(11) สามารถบันทึกแผนจัดซื้อจัดจ้างตั้งแต่ขั้นตอนการจัดทำคำของบประมาณได้	93
75	4.3.2(12)	(12) แสดงข้อมูลและจัดทำรายงานต่าง ๆ เช่น รายงานคำของบประมาณ รายงานงบประมาณคงเหลือ ทั้งนี้ยังสามารถกำหนดรูปแบบการนำข้อมูลออก (Export) ในรูปแบบของไฟล์ PDF, Excel, Word ได้เป็นอย่างน้อย	94
76	4.3.2(13)	(13) สามารถเรียกดูทะเบียนงบประมาณ ณ วันที่ใดวันที่หนึ่ง หรือตามเงื่อนไขที่กำหนดได้ เช่น โครงการ กิจกรรม ปีงบประมาณ แหล่งเงิน เป็นต้น	95
77	4.3.3	4.3.3 ระบบบัญชีเจ้าหนี้ (Account Payable System) เป็นระบบสำหรับจัดการบริหารบัญชีเจ้าหนี้ ระบบจะทำการเก็บบันทึกข้อมูลธุรกรรมทางการเงิน โดยระบบจะมีขอบเขตหรือความสามารถต่าง ๆ ดังนี้	96
78	4.3.3(1)	(1) สามารถกำหนดรหัสเจ้าหนี้ รหัสค่าใช้จ่าย และวิธีการชำระเงินได้	97
79	4.3.3(2)	(2) กำหนดรอบระยะเวลาการเงิน ให้เป็นไปตามความต้องการได้ และสามารถเปิด-ปิดรอบระยะเวลาการเงินได้	98
80	4.3.3(3)	(3) สามารถกำหนดรหัสสำหรับเอกสารการจ่ายเงินได้	99
81	4.3.3(4)	(4) มีการอนุมัติเมื่อมีการสร้างข้อมูลเจ้าหนี้ ก่อนจึงสามารถนำรหัสเจ้าหนี้ไปใช้ในการบันทึกรายการในหน้าจออื่น ๆ ได้	100
82	4.3.3(5)	(5) เจ้าหนี้หนึ่งราย สามารถบันทึกบัญชีเจ้าหนี้ได้หลายประเภท	101
83	4.3.3(6)	(6) สามารถบันทึกรายการขอเบิกเงิน ขอยืมเงินทดรองจ่าย และรายการส่งใช้เงินยืมทดรองจ่าย	102
84	4.3.3(7)	(7) คำขอเบิก 1 รายการ สามารถเบิกจ่ายให้กับผู้รับเงินหลายคนได้	103
85	4.3.3(8)	(8) สามารถบันทึกรายการตั้งหนี้ และบันทึกบัญชีได้โดยอัตโนมัติ	104
86	4.3.3(9)	(9) สามารถบันทึกรายการจ่ายเงินต่าง ๆ ได้ และสามารถเลือกวิธีการจ่ายชำระเงิน โดย เงินสด เช็ค โอนบัญชีธนาคาร และ e-Payment	105
87	4.3.3(10)	(10) สามารถบันทึกรายงานภาษีซื้อ และรายการนำส่งภาษีมูลค่าเพิ่ม	106
88	4.3.3(11)	(11) สามารถบันทึกรายการนำส่งภาษีหัก ณ ที่จ่าย	107
89	4.3.3(12)	(12) สามารถส่งออกข้อมูลไฟล์ ภาษีหัก ณ ที่จ่าย และภาษีมูลค่าเพิ่ม ในรูปแบบที่สามารถนำส่งภาษีออนไลน์ให้กับกรมสรรพากรได้	108
90	4.3.3(13)	(13) สามารถแจ้งเตือน (Notification) ผู้ที่เกี่ยวข้องกับการดำเนินงานในกระบวนการต่าง ๆ ได้	109
91	4.3.3(14)	(14) สามารถตรวจสอบสถานะเอกสาร อยู่ในระหว่างขั้นตอนการดำเนินงานใด	110
92	4.3.3(15)	(15) แสดงข้อมูลและจัดทำรายงานต่าง ๆ เช่น รายงานการเคลื่อนไหวเจ้าหนี้ รายงานเจ้าหนี้คงค้าง ทั้งนี้ยังสามารถกำหนดรูปแบบการนำข้อมูลออก (Export) ในรูปแบบของไฟล์ PDF, Excel, Word ได้เป็นอย่างน้อย	111
93	4.3.4	4.3.4 ระบบบัญชีลูกหนี้ (Account Receivable System) เป็นระบบสำหรับจัดการบริหารบัญชีลูกหนี้ ระบบจะทำการเก็บบันทึกข้อมูลธุรกรรมทางการเงิน โดยระบบจะมีขอบเขตหรือความสามารถต่าง ๆ ดังนี้	113
94	4.3.4(1)	(1) สามารถกำหนดรหัสลูกหนี้ รหัสรายได้ และวิธีการรับชำระเงินได้	114
95	4.3.4(2)	(2) ลูกหนี้หนึ่งราย สามารถบันทึกบัญชีลูกหนี้ได้หลายประเภท	115
96	4.3.4(3)	(3) สามารถกำหนดรหัสสำหรับเอกสารการรับเงินได้	116
97	4.3.4(4)	(4) สามารถบันทึกรายการรับเงินต่าง ๆ ได้ และสามารถเลือกวิธีการรับชำระเงินโดย เงินสด เช็ค โอนบัญชีธนาคาร และบัตรเครดิต	117
98	4.3.4(5)	(5) สามารถบันทึกรับหลักประกันที่ไม่ใช่ตัวเงินได้ เช่น หนังสือค้ำประกัน พันธบัตรรัฐบาล	118
99	4.3.4(6)	(6) สามารถบันทึกรายงานภาษีขายได้	119
100	4.3.4(7)	(7) สามารถบันทึกรายการตั้งลูกหนี้ และบันทึกบัญชีได้โดยอัตโนมัติ	120
101	4.3.4(8)	(8) สามารถออก e-Tax Invoice และ e-Receipt หรือรองรับการเชื่อมต่อผู้ให้บริการ e-Tax Invoice และ e-Receipt ที่ได้รับการรับรองกับกรมสรรพากรได้	121
102	4.3.4(9)	(9) แสดงข้อมูลและจัดทำรายงานต่าง ๆ เช่น รายงานการเคลื่อนไหวลูกหนี้ รายงานลูกหนี้คงค้าง รายงานวิเคราะห์อายุลูกหนี้ รายงานการรับชำระเงิน ทะเบียนคุมลูกหนี้เงินยืมทดรองจ่าย ทั้งนี้ยังสามารถกำหนดรูปแบบการนำข้อมูลออก (Export) ในรูปแบบของไฟล์ PDF, Excel, Word ได้เป็นอย่างน้อย	122
103	4.3.5	4.3.5 ระบบธนาคาร (Banking System) เป็นระบบงานที่ใช้กำหนดรูปแบบเช็ค และพิสูจน์ยอดเงินฝากธนาคาร โดยระบบจะมีขอบเขตหรือความสามารถต่าง ๆ ดังนี้	123
104	4.3.5(1)	(1) สามารถกำหนดเล่มเช็ค เลขที่เช็ค และชื่อบริการ e-payment ได้	124
105	4.3.5(2)	(2) สามารถกำหนดรหัสสมุดบัญชีเงินฝากธนาคารแยกตามประเภทเงินฝาก	125
106	4.3.5(3)	(3) สามารถบริหารจัดการเช็ค และการนำฝากธนาคาร	126
107	4.3.5(4)	(4) สามารถตรวจสอบยอดเงินฝากธนาคาร	127
108	4.3.5(5)	(5) สามารถส่งออกข้อมูลไฟล์ e-payment ในรูปแบบที่ทางธนาคารของหน่วยงานกำหนด	128
109	4.3.5(6)	(6) แสดงข้อมูลและจัดทำรายงานต่าง ๆ เช่น ทะเบียนเช็ค รายงานกระทบยอดเงินฝากธนาคาร ทั้งนี้ยังสามารถกำหนดรูปแบบการนำข้อมูลออก (Export) ในรูปแบบของไฟล์ PDF, Excel, Word ได้เป็นอย่างน้อย	129
110	4.3.6	4.3.6 ระบบจัดซื้อจัดจ้าง (Purchase Order System) เป็นระบบที่ทำหน้าที่เกี่ยวกับการจัดซื้อ จัดจ้างของหน่วยงานโดยระบบจะมีขอบเขตหรือความสามารถต่าง ๆ ดังนี้	130
111	4.3.6(1)	(1) สามารถกำหนดรอบระยะเวลาพัสดุ ให้เป็นไปตามความต้องการได้ และสามารถเปิด-ปิดรอบระยะเวลาพัสดุได้	131
112	4.3.6(2)	(2) สามารถกำหนดแผนการจัดซื้อจัดจ้างประจำปีได้ โดยให้มีรายละเอียดอย่างน้อยประกอบด้วย (ก) ชื่อโครงการที่จะจัดซื้อจัดจ้าง (ข) วงเงินที่จะจัดซื้อจัดจ้างโดยประมาณ (ค) ระยะเวลาที่คาดว่าจะจัดซื้อจัดจ้าง (ง) รายการอื่น ๆ	132
113	4.3.6(3)	(3) สามารถอนุมัติแผนจัดซื้อจัดจ้างผ่านระบบได้ และส่งออกข้อมูลแผนจัดซื้อจัดจ้างในรูปแบบ Excel ตามรูปแบบที่กรมบัญชีกลางกำหนด เพื่อนำเข้าระบบ e-GP ได้	133
114	4.3.6(4)	(4) สามารถบันทึกรายงานผลการจัดทำ TOR และขออนุมัติ TOR ได้	134
115	4.3.6(5)	(5) สามารถกำหนดวิธีการจัดหาให้เป็นไปตามพระราชบัญญัติการจัดซื้อจัดจ้างและการบริหารพัสดุภาครัฐ พ.ศ. 2560 และกฎหมายลำดับรองที่เกี่ยวข้อง ได้	135
116	4.3.6(6)	(6) สามารถบันทึกรายการขอซื้อขอจ้าง และสามารถอ้างอิงแผนจัดซื้อจัดจ้างได้	136
117	4.3.6(7)	(7) สามารถบันทึกข้อมูลการเสนอราคาของผู้เสนอราคาแต่ละราย และสามารถบันทึกข้อมูล ผู้ชนะการเสนอราคาได้ และสามารถแนบไฟล์เอกสารการเสนอราคาได้ รวมทั้งรายงานผลการจัดซื้อจัดจ้าง เพื่ออนุมัติดำเนินการซื้อจ้างต่อไป	137
118	4.3.6(8)	(8) สามารถบันทึกรายการจัดซื้อจัดจ้างแบบซื้อวัสดุ ซื้อทรัพย์สินที่เป็นครุภัณฑ์ หรือซื้อ/จ้าง ที่เป็นค่าใช้จ่ายได้	138
119	4.3.6(9)	(9) สามารถบันทึกข้อมูลเพื่อแต่งตั้งคณะกรรมการจัดซื้อจัดจ้างและคณะกรรมการตรวจรับ ได้ทั้งที่เป็นบุคลากรภายในและบุคคลภายนอก	139
120	4.3.6(10)	(๑0) มีระบบการแจ้งเตือนคณะกรรมการร่าง TOR และกำหนดราคากลาง คณะกรรมการจัดซื้อจัดจ้าง และคณะกรรมตรวจรับผ่านทาง e-mail ได้	140
121	4.3.6(11)	(๑1) คณะกรรมการที่เกี่ยวข้องกับการจัดซื้อจัดจ้างทั้งหมดสามารถอนุมัติรายการผ่านระบบได้	141
122	4.3.6(12)	(๑2) สามารถบันทึกข้อมูลการเปลี่ยนแปลงคณะกรรมการที่เกี่ยวข้องกับการจัดซื้อจัดจ้าง และส่งอนุมัติรายการผ่านระบบได้	142
123	4.3.6(13)	(๑3) สามารถบันทึกรายการสั่งซื้อสั่งจ้างได้ ในกรณีที่มีการแบ่งงวดสามารถบันทึกงวด การส่งมอบงานและการจ่ายเงินได้ และสามารถแสดงข้อมูลการรับหลักประกันต่าง ๆ ได้ รวมทั้งสามารถแนบไฟล์เอกสารอื่น ๆ ที่เกี่ยวข้องได้	143
124	4.3.6(14)	(๑4) สามารถปิดใบสั่งซื้อสั่งจ้างในกรณีที่ต้องการยกเลิกใบสั่งซื้อสั่งจ้างได้	144
125	4.3.6(15)	(15) สามารถบันทึกรายการตรวจรับสินค้า/บริการ ได้ โดยสามารถแบ่งการตรวจรับ ตามจำนวนหน่วย จำนวนราคา หรือตามงวด และสามารถบันทึกค่าปรับในขั้นตอนการตรวจรับ	145
126	4.3.6(16)	(16) สามารถบันทึกรับและเบิกคืนเงินประกันสัญญา และเงินประกันผลงานได้	146
127	4.3.6(17)	(17) สามารถบันทึกรับและคืนหลักประกันสัญญาที่เป็นหนังสือค้ำประกัน และพันธบัตรรัฐบาลได้	147
128	4.3.6(18)	(18) สามารถแจ้งเตือน (Notification) ผู้ที่เกี่ยวข้องกับการดำเนินงานในกระบวนการต่าง ๆ ได้	148
129	4.3.6(19)	(19) สามารถแจ้งเตือนไปยังผู้ขาย/ผู้ขาย ล่วงหน้า เพื่อแจ้งเตือนการส่งมอบงานตามใบสั่งซื้อสั่งจ้าง/สัญญา	149
130	4.3.6(20)	(๒0) สามารถตรวจสอบสถานะเอกสาร อยู่ในระหว่างขั้นตอนการดำเนินงานใด	150
131	4.3.6(21)	(๒1) มีเมนูสำหรับการบริหารสัญญา ซึ่งสามารถกำหนดเงื่อนไขการแสดงข้อมูลได้ เช่น เลขที่สัญญา ชื่อสัญญา ปีงบประมาณ วิธีการจัดหา เป็นต้น	151
132	4.3.6(22)	(๒2) สามารถบันทึกข้อมูลการแก้ไขสัญญาผ่านระบบได้	152
133	4.3.6(23)	(๒3) สามารถจัดทำรายงานสรุปผลการจัดซื้อจัดจ้าง (สขร. 1) ได้โดยอัตโนมัติ รวมทั้งสามารถบันทึกขออนุมัติประกาศสรุปผลการจัดซื้อจัดจ้าง (สขร. 1) ได้	153
134	4.3.6(24)	(24) สามารถจัดทำรายละเอียดแนบท้ายประกาศผลผู้ชนะการจัดซื้อจัดจ้างหรือผู้ได้รับคัดเลือก และสาระสำคัญของสัญญาหรือข้อตกลงเป็นหนังสือได้ รวมทั้งขออนุมัติประกาศผลผู้ชนะการจัดซื้อ จัดจ้างหรือผู้ได้รับคัดเลือก และสาระสำคัญของสัญญาหรือข้อตกลงเป็นหนังสือได้	154
135	4.3.6(25)	(25) สามารถจัดทำรายงานการจัดซื้อจัดจ้างที่ผูกพันข้ามปีและขออนุมัติกันเงินเหลื่อมปีได้	155
136	4.3.6(26)	(26) แสดงข้อมูลและจัดทำรายงานต่าง ๆ เช่น รายงานการจัดซื้อ/จ้าง ทะเบียนคุมหลักประกัน/เงินประกัน ทั้งนี้ยังสามารถกำหนดรูปแบบการนำข้อมูลออก (Export) ในรูปแบบของไฟล์ PDF, Excel, Word ได้เป็นอย่างน้อย	156
137	4.3.7	4.3.7 ระบบบริหารวัสดุ (Inventory Control System) เป็นระบบที่ทำหน้าที่ในการจัดการเกี่ยวกับการจัดการวัสดุในคลัง การรับวัสดุ การเบิกจ่ายวัสดุ การโอนย้ายวัสดุ โดยระบบจะมีขอบเขตหรือความสามารถต่าง ๆ ดังนี้	157
138	4.3.7(1)	(1) สามารถกำหนดรหัสสินค้าและบริการโดยจำแนกตามกลุ่ม	158
139	4.3.7(2)	(2) สามารถกำหนดคลังสินค้าได้ไม่จำกัด	159
140	4.3.7(3)	(3) เมื่อมีการตรวจรับพัสดุแบบเข้าคลัง สามารถทำการบันทึกรายการวัสดุเข้าคลังโดยอัตโนมัติ	160
141	4.3.7(4)	(4) สามารถบันทึกขอเบิกวัสดุจากคลัง	161
142	4.3.7(5)	(5) สามารถบันทึกรายการโอนย้ายวัสดุระหว่างคลัง	162
143	4.3.7(6)	(6) สามารถบันทึกรายการปรับปรุงวัสดุ	163
144	4.3.7(7)	(7) แสดงข้อมูลและจัดทำรายงานต่าง ๆ เช่น รายงานวัสดุคงเหลือ ทั้งนี้ยังสามารถกำหนดรูปแบบการนำข้อมูลออก (Export) ในรูปแบบของไฟล์ PDF, Excel, Word ได้เป็นอย่างน้อย	164
145	4.3.8	4.3.8 ระบบทรัพย์สิน (Fixed Asset System) เป็นระบบที่หน้าที่ในการจัดการเกี่ยวกับ การควบคุมครุภัณฑ์และครุภัณฑ์ต่ำกว่าเกณฑ์ ธุรกรรมที่เกี่ยวข้องการทรัพย์สินของหน่วยงาน การตัดจำหน่าย การคำนวณค่าเสื่อมราคา โดยระบบจะมีขอบเขตหรือความสามารถต่าง ๆ ดังนี้	166
146	4.3.8(1)	(1) สามารถกำหนดรหัสทรัพย์สินได้ตามรูปแบบที่สำนักงบประมาณกำหนด	167
147	4.3.8(2)	(2) สามารถกำหนดโครงสร้างของรหัสทรัพย์สิน และเก็บข้อมูลรหัสทรัพย์สินที่ออกจาก ระบบได้	168
148	4.3.8(3)	(3) สามารถบันทึกข้อมูลทรัพย์สินทั้งที่เป็นครุภัณฑ์ปกติ และครุภัณฑ์มูลค่าต่ำกว่าเกณฑ์	169
149	4.3.8(4)	(4) สามารถบันทึกการได้มาของทรัพย์สินได้หลายวิธี เช่น จัดซื้อจัดจ้าง รับบริจาค รับโอน	170
150	4.3.8(5)	(5) สามารถบันทึกทรัพย์สินเป็นชุด โดยแยกเป็นทรัพย์สินหลักและทรัพย์สินย่อย	171
151	4.3.8(6)	(6) สามารถบันทึกประวัติการครอบครองและประวัติการบำรุงรักษา รวมไปถึงบันทึกข้อมูลและแก้ไขข้อมูลการเปลี่ยนแปลงสถานที่ตั้งของทรัพย์สินทั้งที่เป็นครุภัณฑ์ปกติและครุภัณฑ์มูลค่าต่ำกว่าเกณฑ์	172
152	4.3.8(7)	(7) สามารถคำนวณค่าเสื่อมราคาได้ วิธีเส้นตรง โดยระบบจะคำนวณให้อัตโนมัติ	173
153	4.3.8(8)	(8) สามารถบันทึกการจำหน่ายพัสดุให้เป็นไปตามวิธีการตามระเบียบกระทรวงการคลัง ว่าด้วยการจัดซื้อจัดจ้างและการบริหารพัสดุภาครัฐ พ.ศ. 2560 ได้	174
154	4.3.8(9)	(9) สามารถบันทึกปรับปรุงราคาทุนของทรัพย์สินและค่าเสื่อมราคาได้	175
155	4.3.8(10)	(10) แสดงข้อมูลและจัดทำรายงานต่าง ๆ เช่น รายงานทรัพย์สินและค่าเสื่อมราคา ทั้งนี้ ยังสามารถกำหนดรูปแบบการนำข้อมูลออก (Export) ในรูปแบบของไฟล์ PDF, Excel, Word ได้เป็นอย่างน้อย	176
156	4.3.8(11)	(11) สามารถจัดทำป้ายครุภัณฑ์และตรวจนับครุภัณฑ์ด้วย QR Code รวมทั้งมีระบบตรวจนับครุภัณฑ์ผ่าน Mobile Application ได้	177
157	4.3.9	4.3.9 ระบบบัญชีแยกประเภท (General Ledger System) เป็นระบบที่มีการเชื่อมต่อกับระบบงานอื่น โดยรายการทั้งหมดที่บันทึกจากระบบต่าง ๆ จะส่งมาที่ระบบบัญชีแยกประเภท เพื่อประมวลผลในการออกรายงานงบการเงิน โดยระบบจะมีขอบเขตหรือความสามารถต่าง ๆ ดังนี้	178
158	4.3.9(1)	(1) สามารถกำหนดโครงสร้างของระบบบัญชีได้ เช่น ผังบัญชี รหัสบัญชี	179
159	4.3.9(2)	(2) สามารถเชื่อมโยงข้อมูลกับระบบงานต่าง ๆ และลงบัญชีอัตโนมัติ	180
160	4.3.9(3)	(3) สามารถจัดทำบัญชี และปิดงบการเงินได้เป็นรายหน่วยปฏิบัติ	181
161	4.3.9(4)	(4) สามารถเชื่อมโยงผังบัญชี และจัดทำข้อมูลทางบัญชีเสนอหน่วยงานภายนอก เช่น กรมบัญชีกลาง (GFMIS)	182
162	4.3.9(5)	(5) สามารถกำหนดรอบระยะเวลาบัญชี ให้เป็นไปตามความต้องการได้ และสามารถเปิด-ปิดรอบระยะเวลาบัญชีได้	183
163	4.3.9(6)	(6) แสดงข้อมูลและจัดทำรายงานต่าง ๆ เช่น รายงานสมุดรายวัน รายงานงบทดลองรายงานบัญชีแยกประเภท งบแสดงฐานะการเงิน งบแสดงผลการดำเนินงานทางการเงิน ทั้งนี้ยังสามารถกำหนดรูปแบบการนำข้อมูลออก (Export) ในรูปแบบของไฟล์ PDF, Excel, Word ได้เป็นอย่างน้อย	184
164	4.3.10	4.3.10 ระบบการรายงานสำหรับผู้บริหาร (Dashboard) เป็นระบบที่แสดงข้อมูลทางด้านผลการปฏิบัติงาน งบประมาณ บัญชี การเงิน และพัสดุในรูปแบบ Dashboard ได้แบบ Real time และสามารถแสดงข้อมูลแบบออนไลน์ผ่าน Web Browser และ Mobile	186
165	4.4	4.4 การฝึกอบรม	188
166	4.4.1	4.4.1 ผู้ขายต้องจัดให้มีการฝึกอบรมการใช้งานระบบบริหารจัดการทรัพยากรองค์กร (Enterprise Resource Planning : ERP) ตามรายละเอียดคุณลักษณะเฉพาะ ข้อ 4.3 ให้กับเจ้าหน้าที่ ณ สถานที่ตาม ที่ สกมช. กำหนด	189
167	4.4.2	4.4.2 ผู้ขายต้องจัดให้มีสิ่งอำนวยความสะดวกในการฝึกอบรม ตามความเหมาะสมโดยผู้ขาย เป็นผู้รับผิดชอบค่าใช่จ่ายในการฝึกอบรม	190
168	4.4.3	4.4.3 ผู้ขายต้องจัดทำคู่มือการฝึกอบรมการใช้งานระบบบริหารจัดการทรัพยากรองค์กร (Enterprise Resource Planning : ERP) เป็นไฟล์ PDF ให้กับผู้เข้ารับการฝึกอบรม	191
169	5	5. การติดตั้งและทดสอบระบบ	193
170	5.1	5.1 เมื่อการทดสอบการทำงานของระบบร่วมกันระหว่างผู้ขายและผู้ซื้อระบบ เป็นที่เรียบร้อยแล้ว ผู้ขายจะต้องติดตั้งระบบที่ปรับปรุงแก้ไข พร้อมทดสอบการทำงานของระบบให้สามารถทำงานได้อย่างสมบูรณ์ตามวัตถุประสงค์ของโครงการ	194
171	5.2	5.2 ระหว่างที่ทำการทดสอบระบบในทุกกรณี หากอุปกรณ์ใดของสำนักงาน หรือหน่วยงานที่เกี่ยวข้องได้รับความเสียหายระหว่างการทดสอบ และส่งผลให้เกิดข้อบกพร่องของระบบคอมพิวเตอร์ โดยความเสียหายที่เกิดขึ้นระหว่างการทดสอบนั้นเกิดจากความบกพร่องของบุคลากรของผู้ซื้อ ผู้ขายจะต้องรับผิดชอบต่อความเสียหายที่เกิดขึ้น โดยไม่คิดค่าใช้จ่ายใด ๆ จากสำนักงาน	195
172	8	8. ระยะเวลาดำเนินการ	196
173	9	9. การส่งมอบงาน	198
174	10	10. เงื่อนไขการชำระเงิน	201
175	11	11. เอกสารการยื่นข้อเสนอ	203
176	11.1	11.1 ส่วนที่ 1 อย่างน้อยต้องมีเอกสารดังต่อไปนี้	205
177	11.1.1	11.1.1 ในกรณีผู้ยื่นข้อเสนอเป็นนิติบุคคล	206
178	11.1.1(1)	(1) ห้างหุ้นส่วนสามัญหรือห้างหุ้นส่วนจำกัด ให้ยื่นสำเนาหนังสือรับรองการจดทะเบียน นิติบุคคล บัญชีรายชื่อหุ้นส่วนผู้จัดการ ผู้มีอำนาจควบคุม (ถ้ามี)	207
179	11.1.1(2)	(2) บริษัทจำกัดหรือบริษัทมหาชนจำกัด ให้ยื่นสำเนาหนังสือรับรองการจดทะเบียนนิติบุคคล หนังสือบริคณห์สนธิ บัญชีรายชื่อกรรมการผู้จัดการ ผู้มีอำนาจควบคุม (ถ้ามี) และบัญชีผู้ถือหุ้นรายใหญ่ (ถ้ามี)	208
180	11.1.2	11.1.2 ในกรณีผู้ยื่นข้อเสนอเป็นบุคคลธรรมดาหรือคณะบุคคลที่มิใช่นิติบุคคลให้ยื่นสำเนาบัตรประจำตัวประชาชนของผู้นั้น สำเนาข้อตกลงที่แสดงถึงการเข้าเป็นหุ้นส่วน (ถ้ามี) สำเนาบัตรประจำตัวประชาชนของผู้เป็นหุ้นส่วน หรือสำเนาหนังสือเดินทางของผู้เป็นหุ้นส่วนที่มิได้ถือสัญชาติไทย	209
181	11.1.3	11.1.3 ในกรณีผู้ยื่นข้อเสนอเป็นผู้ยื่นข้อเสนอร่วมกันในฐานะเป็นผู้ร่วมค้า ให้ยื่นสำเนาสัญญา ของการเข้าร่วมค้าตามข้อ 3.11	210
182	11.1.4	11.1.4 เอกสารเพิ่มเติมอื่น ๆ	211
183	11.1.4(1)	(1) สำเนาใบทะเบียนพาณิชย์	212
184	11.1.4(2)	(2) สำเนาใบทะเบียนภาษีมูลค่าเพิ่ม ภ.พ. 20	213
185	11.2	11.2 ส่วนที่ 2 อย่างน้อยต้องมีเอกสารดังต่อไปนี้	214
186	11.2.1	11.2.1 ในกรณีที่ผู้ยื่นข้อเสนอมอบอำนาจให้บุคคลอื่นกระทำการแทน ให้แนบหนังสือมอบอำนาจ ซึ่งติดอากรแสตมป์ตามกฎหมาย โดยมีหลักฐานแสดงตัวตนของผู้มอบอำนาจและผู้รับมอบอำนาจ ทั้งนี้ หากผู้รับมอบอาจเป็นบุคคลธรรมดาต้องเป็นผู้บรรลุนิติภาวะตามกฎหมายแล้วเท่านั้น	215
187	11.2.2	11.2.2 เอกสารเพิ่มเติมอื่น ๆ	216
188	11.2.2(1)	(1) หนังสือรับรอง ตามข้อ 3.12 และ 3.13	217
189	11.2.2(2)	(๒) เอกสารแสดงมูลค่าสุทธิของกิจการ ตามรายละเอียดคุณลักษณะเฉพาะข้อ 3.14	218
190	11.2.2(3)	(๓) ตารางเปรียบเทียบรายละเอียดคุณลักษณะเฉพาะตามที่ สกมช. กำหนด ในข้อ 4 กับรายละเอียดคุณลักษณะเฉพาะที่ผู้ยื่นข้อเสนอได้จัดทำ	219
191	12	12. การรับประกันและการบำรุงรักษา	220
192	12.1	1๒.1 ระบบ ERP เกิดปัญหาหรือเหตุขัดข้องในกรณีเร่งด่วน ซึ่งส่งผลกระทบต่อการดำเนินงานขององค์กรอย่างร้ายแรง หรือส่งผลให้การดำเนินงานขององค์กรหยุดชะงัก ผู้ขายจะต้องจัดให้มีเจ้าหน้าที่สำหรับดำเนินการแก้ไขปัญหาให้แล้วเสร็จภายใน 24 ชั่วโมง	222
193	12.2	1๒.2 ระบบ ERP เกิดปัญหาทั่วไป หรือเหตุขัดข้องที่ไม่ส่งผลกระทบร้ายแรงต่อการดำเนินงานขององค์กร ผู้ขายจะต้องจัดให้มีเจ้าหน้าที่สำหรับดำเนินการแก้ไขปัญหาให้แล้วเสร็จภายใน ๔๘ ชั่วโมง	223
194	12.3	1๒.3 ผู้ขาย ต้องนำเสนอค่าบำรุงรักษา และดูแลหลังสิ้นสุดการปรับประกัน 1 ปี	224
195	12.4	1๒.4 หากมีการปรับปรุงกฎหมาย และระเบียบจากภาครัฐ ผู้ขายจะต้องดำเนินการปรับปรุงระบบ ERP ให้เป็นไปตามกฎหมายและระเบียบให้เป็นปัจจุบันทันที โดยไม่มีค่าใช้จ่ายใด ๆ เพิ่มเติม	225
196	12.5	12.5 กรณีที่ผู้ขายไม่สามารถดำเนินการได้ตามเงื่อนไข การรับประกันผลงานและการบำรุงรักษา ผู้ขายจะต้องชำระค่าปรับเป็นรายวันในอัตราร้อยละ 0.1 ของมูลค่าของระบบที่ยังไม่สามารถใช้งานได้ แต่ต้องไม่ต่ำกว่าวันละ 100 บาท จนกว่าระบบจะสามารถใช้งานได้ตามปกติโดยเศษของวันจะถือเป็นหนึ่งวันเต็ม	226
197	13	13. เงื่อนไขการปรับ	227
198	14	14. วงเงินในการจัดหา	229
199	15	15. การรักษาความลับ	231
200	15.1	๑5.๑ ผู้เสนอราคาจะต้องจัดเก็บรักษาข้อมูลต่าง ๆ ที่เกี่ยวกับการดำเนินงานที่ผู้เสนอราคาได้รับจาก สกมช. และข้อมูลต่าง ๆ ที่ผู้เสนอราคาได้จัดทำขึ้นเนื่องจากการดำเนินงานตามสัญญานี้อย่างเป็นความลับของ สกมช. ซึ่งต่อไปใน สัญญานี้เรียกว่า “ข้อมูลที่เป็นความลับ” โดยผู้เสนอราคาต้องหามาตรการในการจัดเก็บข้อมูลที่เป็นความลับให้มิดชิด รวมทั้งไม่เปิดเผย หรือเผยแพร่ หรือกระทำด้วยวิธีการใดให้บุคคลอื่นใดที่มิใช่คู่สัญญาภายใต้สัญญานี้ หรือมิใช่บุคคลที่ สกมช. ได้อนุญาตเป็นลายลักษณ์อักษรให้มีส่วนเกี่ยวข้อง ที่จะรับทราบข้อมูลที่เป็นความลับภายใต้สัญญานี้ ได้ทราบถึงข้อมูลที่เป็นความลับดังกล่าว เว้นแต่จะเป็นการเปิดเผยข้อมูลดังกล่าวให้แก่เจ้าหน้าที่ผู้ปฏิบัติงานของผู้เสนอราคาที่ต้องเกี่ยวข้องโดยตรงกับข้อมูลดังกล่าวเท่านั้น และผู้เสนอราคาจะต้องจัดให้เจ้าหน้าที่ผู้ปฏิบัติงานดังกล่าวได้ผูกพันและปฏิบัติตามเงื่อนไขในการรักษาข้อมูลที่เป็นความลับเช่นว่านั้นด้วย	232
201	15.2	๑5.๒ หากผู้เสนอราคามิได้ปฏิบัติตามข้อ ๑1.๑ ผู้เสนอราคาจะต้องรับผิดชอบต่อ สกมช. หรือบุคคลอื่นที่เป็นเจ้าของข้อมูลที่เป็นความลับนั้นในความเสียหายใด ๆ ที่เกิดขึ้นเนื่องจากการที่ข้อมูลที่เป็นความลับดังกล่าว ได้ถูกเปิดเผยไม่ว่าทั้งหมดหรือแต่บางส่วน และ สกมช. มีสิทธิบอกเลิกสัญญาได้ทันที	233
202	15.3	๑5.๓ ผู้เสนอราคาจะยังคงต้องผูกพันตามข้อกำหนดเกี่ยวกับการรักษาข้อมูลที่เป็นความลับตามข้อ ๑1.๑ ต่อไป ตราบที่ข้อมูลที่เป็นความลับดังกล่าวยังคงเป็นความลับอยู่ แม้ว่าการจ้างตามสัญญานี้ได้สิ้นสุดลงแล้ว ไม่ว่าด้วยเหตุใดก็ตาม	234
203	16	16. ลิขสิทธิ์การใช้งาน	239
204	16.1	16.1 ซอฟต์แวร์ต่าง ๆ ที่นำมาใช้งาน จะต้องมีลิขสิทธิ์การใช้งานถูกต้องตามกฎหมาย เมื่อดำเนินการตามขอบเขตงานข้างต้นแล้วเสร็จ	240
205	16.2	16.2 กรณีเสนอระบบบริหารจัดการทรัพยากรองค์กร (Enterprise Resource Planning : ERP) เป็นซอฟต์แวร์สำเร็จรูปต้องมีลิขสิทธิ์การใช้งานแบบซื้อขาด (Perpetual Licenses) จำนวนไม่เกิน 125 ผู้ใช้งาน	241
206	16.3	16.3 กรณีเสนอเป็นการพัฒนาระบบบริหารจัดการทรัพยากรองค์กร (Enterprise Resource Planning : ERP) ต้องมีลิขสิทธิ์ในซอฟต์แวร์แบบไม่จำกัดผู้ใช้งาน และหน่วยงานมีลิขสิทธิ์ในการใช้ Source Code ในการดำเนินการใด ๆ ในกิจการของหน่วยงานได้	242
207	17	17. หน่วยงานที่รับผิดชอบ	244
208	18	18. สถานที่ส่งมอบ	247
